{
    "preocupado": "https://media.discordapp.net/attachments/1172662617354010695/1213259543551942706/basil_preocupado.png",
    "nervoso": "https://media.discordapp.net/attachments/1172662617354010695/1213259555052589097/basil_nervoso.png",
    "mais_nervoso": "https://media.discordapp.net/attachments/1172662617354010695/1213259568084422746/basil_mais_nervoso_ainda.png",
    "bravo": "https://media.discordapp.net/attachments/1172662617354010695/1213259579366973504/basil_bravo.png",
    "enfurecido": "https://media.discordapp.net/attachments/1172662617354010695/1213259590884532254/basil_enfurecido.png",
    "muito_bravo": "https://media.discordapp.net/attachments/1172662617354010695/1213259598350258266/basil_muito_bravo.gif"
}
